column,ks_score,FDR,rank_ks,rank_FDR,average_rank
Fraud,1.0,1.0,431.5,431.5,431.5
card_zip_total_7,0.6770659135414366,0.6280752532561505,430.0,430.0,430.0
card_merch_total_7,0.6734318868000837,0.6266280752532561,429.0,428.5,428.75
card_merch_total_3,0.6671943330328367,0.622286541244573,427.0,426.0,426.5
card_zip_total_14,0.6599975733831787,0.6266280752532561,422.0,428.5,425.25
card_zip_total_3,0.6666406316931872,0.6208393632416788,426.0,424.5,425.25
card_merch_total_14,0.6602576411775373,0.6251808972503617,423.0,427.0,425.0
card_state_total_3,0.6624809047492355,0.6208393632416788,424.0,424.5,424.25
card_state_total_7,0.6638498665394136,0.5947901591895803,425.0,423.0,424.0
card_state_total_14,0.672234693511195,0.5340086830680174,428.0,416.5,422.25
card_zip_total_30,0.6558500663313104,0.5701881331403763,421.0,419.5,420.25
card_merch_total_1,0.6445372285689859,0.5716353111432706,418.0,421.0,419.5
card_state_total_1,0.6436773621735845,0.5803183791606368,417.0,422.0,419.5
card_merch_total_30,0.6452738276376877,0.557163531114327,419.0,418.0,418.5
card_zip_total_1,0.6433669012359163,0.5701881331403763,416.0,419.5,417.75
card_state_max_7,0.6307632288623078,0.5021707670043415,409.0,408.0,408.5
card_zip_max_14,0.6364861671378077,0.4848046309696092,415.0,400.5,407.75
card_zip_max_30,0.6315741934309199,0.4934876989869754,411.0,404.5,407.75
card_merch_max_14,0.6362694365563569,0.4848046309696092,414.0,400.5,407.25
card_merch_total_0,0.587550641046858,0.5267727930535456,397.0,415.0,406.0
card_state_total_0,0.5870500928990029,0.5340086830680174,395.0,416.5,405.75
card_state_max_14,0.6182113073977958,0.4978292329956584,405.0,406.0,405.5
card_state_total_30,0.6490058361002634,0.4587554269175108,420.0,390.5,405.25
card_merch_max_30,0.631309918788467,0.4833574529667149,410.0,399.0,404.5
card_zip_max_7,0.6337581930870713,0.4717800289435601,413.0,395.0,404.0
card_merch_max_7,0.6324703856257388,0.4717800289435601,412.0,395.0,403.5
card_state_max_3,0.6251674086263135,0.4804630969609262,408.0,398.0,403.0
card_zip_total_0,0.5867955897185255,0.5238784370477568,394.0,411.5,402.75
card_state_max_30,0.5886261028424782,0.492040520984081,398.0,403.0,400.5
Cardnum_total_3,0.5798264227766146,0.5209840810419681,389.0,410.0,399.5
card_merch_max_3,0.6218689058435501,0.4587554269175108,407.0,390.5,398.75
card_zip_max_3,0.6207699168604396,0.4587554269175108,406.0,390.5,398.25
Cardnum_total_7,0.5838017606749939,0.4934876989869754,392.0,404.5,398.25
merch_zip_total_1,0.5872552490835804,0.4645441389290883,396.0,393.0,394.5
merch_state_total_1,0.5914933257909816,0.4573082489146165,399.0,387.5,393.25
merch_state_total_0,0.559279219570471,0.5253256150506512,371.0,413.5,392.25
card_state_max_1,0.6010394654213447,0.4428364688856729,402.0,381.0,391.5
merch_zip_total_0,0.5583513535934396,0.5238784370477568,370.0,411.5,390.75
card_merch_max_1,0.5989952043489817,0.4341534008683068,401.0,377.0,389.0
card_zip_max_1,0.5975326457533193,0.4327062228654124,400.0,376.0,388.0
merch_zip_total_3,0.6052157081392961,0.4182344428364689,403.0,372.0,387.5
merch_state_total_3,0.6063469051075521,0.4153400868306802,404.0,370.0,387.0
merch_zip_max_0,0.5846870462266053,0.4399421128798842,393.0,379.0,386.0
merch_zip_max_1,0.5755259111014648,0.4442836468885673,387.0,382.5,384.75
merch_state_max_0,0.5808880398128982,0.4399421128798842,390.0,379.0,384.5
Cardnum_total_1,0.5463572957997604,0.4992764109985528,358.0,407.0,382.5
merch_zip_max_3,0.566728256555054,0.4573082489146165,376.0,387.5,381.75
merch_state_max_1,0.5667128314453748,0.4442836468885673,375.0,382.5,378.75
Cardnum_total_0,0.5410257947231301,0.5108538350217077,347.0,409.0,378.0
card_zip_max_0,0.5719406526361679,0.4008683068017366,385.0,366.5,375.75
merch_state_max_3,0.5540630172934622,0.4515195369030391,363.0,386.0,374.5
card_state_max_0,0.5702446251004997,0.4052098408104196,381.0,368.0,374.5
card_merch_max_0,0.5709940672980396,0.4008683068017366,382.0,366.5,374.25
Cardnum_max_7,0.5310574121914502,0.4862518089725036,341.0,402.0,371.5
merch_zip_total_7,0.5718539782103521,0.3444283646888567,384.0,358.0,371.0
Merchnum_max_0,0.5555422252138575,0.4196816208393632,366.0,373.0,369.5
merch_state_total_7,0.5652794982018172,0.3473227206946454,372.0,359.0,365.5
Cardnum_total_14,0.5294283380900024,0.4587554269175108,339.0,390.5,364.75
Cardnum_max_3,0.5392403327131609,0.4457308248914616,345.0,384.0,364.5
Cardnum_max_14,0.5050992674809063,0.5253256150506512,313.0,413.5,363.25
card_zip_avg_30,0.5827590855843624,0.2735166425470333,391.0,334.5,362.75
Merchnum_total_3,0.5559880843364867,0.3227206946454414,368.0,355.0,361.5
card_state_avg_7,0.5671658800491386,0.2879884225759768,377.0,345.5,361.25
Cardnum_max_0,0.5440528778992167,0.406657018813314,353.0,369.0,361.0
card_state_avg_3,0.5692199125834773,0.280752532561505,380.0,341.0,360.5
Merchnum_total_0,0.5373031570703305,0.4283646888567294,344.0,375.0,359.5
merch_zip_max_7,0.5141993699209961,0.4790159189580318,322.0,397.0,359.5
card_merch_avg_30,0.5789656437845366,0.2691751085383502,388.0,330.5,359.25
Merchnum_total_1,0.5458786944890535,0.3690303907380607,356.0,362.0,359.0
Cardnum_max_1,0.5368338597940332,0.4254703328509406,342.0,374.0,358.0
Merchnum_max_1,0.5229746324611484,0.4399421128798842,336.0,379.0,357.5
card_state_avg_14,0.5546712741076045,0.2908827785817655,364.0,348.0,356.0
Cardnum_avg_7,0.5440502959183757,0.3632416787264833,352.0,360.0,356.0
card_state_avg_30,0.5497522889872263,0.2952243125904486,360.0,351.0,355.5
card_zip_avg_14,0.5732999765151036,0.2662807525325615,386.0,323.0,354.5
merch_state_avg_0,0.5553758877757163,0.2821997105643994,365.0,343.0,354.0
card_merch_avg_14,0.5718220373266731,0.2662807525325615,383.0,323.0,353.0
card_merch_avg_3,0.5684117080633503,0.2677279305354558,379.0,327.0,353.0
card_state_avg_1,0.5579122832997456,0.276410998552822,369.0,336.5,352.75
Cardnum_max_30,0.5213506332875603,0.4167872648335745,334.0,371.0,352.5
merch_zip_avg_0,0.553650456820299,0.2821997105643994,362.0,343.0,352.5
card_zip_avg_3,0.5665338734629507,0.2691751085383502,374.0,330.5,352.25
Merchnum_max_3,0.4963312834557106,0.4717800289435601,309.0,395.0,352.0
Cardnum_avg_3,0.5426911501070844,0.3140376266280753,350.0,354.0,352.0
card_merch_avg_0,0.5442529146390234,0.2908827785817655,354.0,348.0,351.0
Merchnum_avg_0,0.5494082177817148,0.2821997105643994,359.0,343.0,351.0
card_zip_avg_7,0.5672148263928389,0.2662807525325615,378.0,323.0,350.5
Cardnum_avg_1,0.5411656223407406,0.3024602026049204,348.0,353.0,350.5
Cardnum_avg_14,0.5233660251431068,0.3733719247467438,337.0,363.0,350.0
card_merch_avg_1,0.5558764359235713,0.2720694645441389,367.0,333.0,350.0
card_zip_avg_0,0.5439606833764306,0.2908827785817655,351.0,348.0,349.5
card_state_avg_0,0.5424995270634663,0.2937771345875543,349.0,350.0,349.5
merch_state_max_7,0.5032478091503042,0.447178002894356,311.0,385.0,348.0
card_zip_avg_1,0.5528128933973341,0.2735166425470333,361.0,334.5,347.75
Cardnum_avg_0,0.5372099609170458,0.2995658465991317,343.0,352.0,347.5
Cardnum_avg_30,0.5207975106677544,0.3675832127351664,332.0,361.0,346.5
card_merch_avg_7,0.5657984095754808,0.2633863965267728,373.0,316.5,344.75
merch_zip_avg_1,0.546248184850775,0.2691751085383502,357.0,330.5,343.75
merch_state_avg_1,0.5449883785264934,0.2662807525325615,355.0,323.0,339.0
Cardnum_total_30,0.4912498561269081,0.3950795947901592,304.0,365.0,334.5
merch_zip_max_14,0.4900694902303965,0.3748191027496382,301.0,364.0,332.5
Merchnum_avg_1,0.5393940496070191,0.2619392185238784,346.0,314.5,330.25
Cardnum_med_1,0.5138900441645597,0.2778581765557164,321.0,338.0,329.5
merch_state_max_14,0.4789703113826603,0.3270622286541244,298.0,356.5,327.25
card_state_med_0,0.5185671021318325,0.2677279305354558,326.0,327.0,326.5
Cardnum_med_0,0.51030763478157,0.276410998552822,316.0,336.5,326.25
card_merch_med_0,0.5198297130215104,0.2648335745296671,331.0,319.0,325.0
Cardnum_med_3,0.5006390291289062,0.2793053545586107,310.0,339.5,324.75
card_state_med_1,0.5172989711451844,0.2662807525325615,325.0,323.0,324.0
card_zip_med_0,0.5196759070938299,0.2648335745296671,329.0,319.0,324.0
merch_zip_avg_3,0.5309822676455965,0.2532561505065123,340.0,305.5,322.75
Merchnum_max_7,0.4556892133766106,0.3270622286541244,288.0,356.5,322.25
merch_state_avg_3,0.5271567068944475,0.2532561505065123,338.0,305.5,321.75
card_zip_med_3,0.521339815678175,0.256150506512301,333.0,310.0,321.5
card_merch_med_1,0.5196297653155257,0.2619392185238784,328.0,314.5,321.25
Cardnum_med_14,0.4779370516187161,0.2879884225759768,297.0,345.5,321.25
card_merch_med_3,0.5213551962709431,0.2547033285094066,335.0,307.5,321.25
card_zip_med_1,0.5168879019885415,0.2633863965267728,324.0,316.5,320.25
card_state_med_3,0.5189586728814353,0.2575976845151954,327.0,312.0,319.5
Cardnum_med_30,0.4807113009984898,0.2793053545586107,299.0,339.5,319.25
Merchnum_avg_3,0.5115943515785819,0.2590448625180897,319.0,313.0,316.0
card_zip_med_30,0.5197277915536596,0.2460202604920405,330.0,297.5,313.75
card_zip_med_7,0.5108670788027453,0.2489146164978292,317.0,302.0,309.5
card_merch_med_30,0.5156419849405076,0.2445730824891461,323.0,295.0,309.0
card_zip_med_14,0.5117690136790897,0.2460202604920405,320.0,297.5,308.75
card_state_med_7,0.5038981344453894,0.2489146164978292,312.0,302.0,307.0
Cardnum_med_7,0.4704831177739176,0.2648335745296671,294.0,319.0,306.5
merch_state_med_0,0.4926676752269645,0.2547033285094066,305.0,307.5,306.25
card_merch_med_14,0.5101065073774427,0.2460202604920405,315.0,297.5,306.25
card_merch_med_7,0.5090618512842695,0.2460202604920405,314.0,297.5,305.75
card_state_med_30,0.5109342103046098,0.2416787264833574,318.0,292.5,305.25
merch_zip_med_0,0.4910359301108535,0.2518089725036179,303.0,304.0,303.5
merch_zip_total_14,0.4728366155688949,0.256150506512301,295.0,310.0,302.5
Merchnum_med_0,0.4936016845377209,0.2431259044862518,307.0,294.0,300.5
card_state_med_14,0.4937623683281587,0.2402315484804631,308.0,289.5,298.75
merch_zip_avg_7,0.4903873187168436,0.2402315484804631,302.0,289.5,295.75
Merchnum_actual/med_30,0.3902678509085022,0.2677279305354558,262.0,327.0,294.5
merch_state_avg_7,0.4853005493587149,0.2344428364688856,300.0,284.0,292.0
Merchnum_total_7,0.4927139060390907,0.2214182344428364,306.0,276.0,291.0
merch_zip_max_30,0.476868378652031,0.2387843704775687,296.0,286.0,291.0
merch_state_total_14,0.4608998287812825,0.2402315484804631,289.0,289.5,289.25
merch_zip_med_1,0.4672227437254694,0.2387843704775687,292.0,286.0,289.0
Merchnum_max_14,0.4493273016183433,0.2387843704775687,287.0,286.0,286.5
merch_state_med_1,0.4665767588292114,0.2301013024602026,291.0,280.5,285.75
Merchnum_actual/med_14,0.3642661018835839,0.2691751085383502,240.0,330.5,285.25
merch_zip_actual/med_30,0.3879578238771661,0.256150506512301,260.0,310.0,285.0
merch_zip_avg_14,0.4472123699496872,0.2315484804630969,285.0,282.5,283.75
Merchnum_med_1,0.4611166038796443,0.2185238784370477,290.0,275.0,282.5
merch_state_max_30,0.468362910851302,0.2127351664254703,293.0,272.0,282.5
Merchnum_actual/avg_30,0.4018855849946136,0.2402315484804631,271.0,289.5,280.25
Cardnum_count_1,0.3781293134800078,0.2489146164978292,258.0,302.0,280.0
Merchnum_avg_7,0.4416183526485904,0.2272069464544139,282.0,278.0,280.0
merch_state_avg_14,0.4358293290186356,0.2272069464544139,281.0,278.0,279.5
merch_state_actual/med_30,0.3851935685439233,0.2474674384949348,259.0,300.0,279.5
merch_zip_med_3,0.4450130787345899,0.2141823444283647,284.0,273.0,278.5
merch_state_med_3,0.4473229722151929,0.2083936324167872,286.0,269.5,277.75
merch_zip_avg_30,0.4146362299500562,0.2083936324167872,277.0,269.5,273.25
merch_state_avg_30,0.3980084068851012,0.2069464544138929,270.0,268.0,269.0
merch_zip_actual/avg_30,0.3764962996319319,0.2272069464544139,257.0,278.0,267.5
Merchnum_avg_14,0.3934096096474557,0.2112879884225759,264.0,271.0,267.5
Cardnum_count_3,0.4141564934581174,0.170767004341534,276.0,257.0,266.5
merch_zip_total_30,0.4296256971376094,0.1664254703328509,279.0,254.0,266.5
Merchnum_med_3,0.431859822835604,0.1635311143270622,280.0,251.0,265.5
merch_state_actual/avg_30,0.3740004812723253,0.2170767004341534,255.0,274.0,264.5
card_state_count_1,0.3963472138323302,0.1794500723589001,267.0,261.5,264.25
merch_state_actual/med_14,0.3614975061515137,0.2416787264833574,236.0,292.5,264.25
merch_state_total_30,0.4045301788709519,0.1635311143270622,274.0,251.0,262.5
Merchnum_max_30,0.4441315548619623,0.1316931982633864,283.0,238.5,260.75
card_state_count_3,0.4063471811124006,0.1360347322720694,275.0,242.5,258.75
merch_zip_actual/med_14,0.3594588096930321,0.2315484804630969,234.0,282.5,258.25
merch_zip_med_7,0.3723181204283498,0.1895803183791606,252.0,264.0,258.0
card_state_actual/toal_1,0.3964394973889384,0.1403762662807525,268.0,244.0,256.0
Merchnum_actual/avg_14,0.3679293094601307,0.1924746743849493,245.0,265.0,255.0
Merchnum_avg_30,0.3718560571500982,0.1678726483357453,251.0,256.0,253.5
Merchnum_total_14,0.3946221390122013,0.1331403762662807,266.0,240.0,253.0
Merchnum_actual/med_7,0.3483275118939726,0.2301013024602026,220.0,280.5,250.25
card_zip_count_1,0.3624299351119278,0.1794500723589001,238.0,261.5,249.75
card_merch_count_3,0.3729976265586288,0.1418234442836468,253.0,245.0,249.0
merch_zip_med_14,0.3656163888295762,0.1664254703328509,241.0,254.0,247.5
card_merch_count_1,0.3589343337054873,0.1837916063675832,232.0,263.0,247.5
merch_state_med_7,0.3608077388732374,0.1765557163531114,235.0,259.5,247.25
card_zip_count_3,0.3718220462300554,0.1360347322720694,249.0,242.5,245.75
card_zip_actual/toal_1,0.362522218668536,0.1635311143270622,239.0,251.0,245.0
merch_state_actual/med_7,0.3514916181222735,0.2011577424023155,223.0,267.0,245.0
merch_zip_actual/med_7,0.3488544808285363,0.1939218523878437,222.0,266.0,244.0
merch_zip_actual/avg_14,0.356988009837436,0.1736613603473227,230.0,258.0,244.0
card_merch_actual/toal_1,0.3590266172620956,0.1664254703328509,233.0,254.0,243.5
merch_state_actual/avg_14,0.3532016239680117,0.1765557163531114,227.0,259.5,243.25
merch_zip_med_30,0.3690671617065887,0.1316931982633864,247.0,238.5,242.75
card_state_day_since,0.40316805042662,0.1056439942112879,272.0,212.0,242.0
merch_state_med_14,0.3545591003951388,0.1461649782923299,228.0,246.0,237.0
card_merch_actual/toal_3,0.3675392300270482,0.1230101302460202,244.0,229.5,236.75
Merchnum_actual/avg_7,0.3485650541313396,0.1606367583212735,221.0,249.0,235.0
card_zip_actual/toal_3,0.3718374268228233,0.1114327062228654,250.0,218.5,234.25
card_merch_day_since,0.3675238494342802,0.1172214182344428,243.0,224.0,233.5
merch_zip_actual/avg_7,0.3561084669673502,0.130246020260492,229.0,236.0,232.5
Cardnum_count_0,0.3375341419666997,0.1548480463096961,214.0,248.0,231.0
merch_state_actual/avg_7,0.3523850057516962,0.130246020260492,226.0,236.0,231.0
merch_state_med_30,0.3684113608314441,0.1085383502170767,246.0,214.5,230.25
card_zip_day_since,0.3718220462300552,0.1013024602026049,248.0,202.5,225.25
card_state_actual/toal_3,0.403183431019388,0.0868306801736613,273.0,171.0,222.0
state_risk,0.3741645483480029,0.0940665701881331,256.0,185.5,220.75
Merchnum_med_7,0.3307729135163068,0.1259044862518089,209.0,232.0,220.5
card_zip_actual/max_1,0.3321577678437302,0.1186685962373371,212.0,226.0,219.0
Merchnum_actual/med_3,0.2953118328375744,0.1519536903039073,187.0,247.0,217.0
card_merch_actual/max_1,0.3288774947360422,0.1157742402315484,207.0,221.5,214.25
Merchnum_actual/avg_3,0.3085921177422438,0.1287988422575977,193.0,234.0,213.5
merch_state_actual/avg_3,0.3022146918404754,0.1244573082489146,189.0,231.0,210.0
card_merch_actual/max_3,0.3409989376706931,0.1013024602026049,217.0,202.5,209.75
merch_zip_actual/avg_3,0.3037541088830668,0.1201157742402315,191.0,227.0,209.0
merch_zip_actual/med_3,0.2859155148713527,0.1345875542691751,173.0,241.0,207.0
merch_state_actual/med_3,0.2876563709364491,0.130246020260492,175.0,236.0,205.5
card_state_actual/max_1,0.3581511476893709,0.08972503617945,231.0,178.0,204.5
Merchnum_med_14,0.338468106760545,0.0969609261939218,216.0,192.5,204.25
card_zip_actual/max_3,0.3437422923141975,0.0955137481910275,218.0,188.5,203.25
card_zip_actual/toal_0,0.2948319182779915,0.109985528219971,186.0,216.5,201.25
card_state_count_0,0.3121827627537778,0.1027496382054992,197.0,205.0,201.0
card_zip_count_0,0.2947703959069193,0.1056439942112879,184.0,212.0,198.0
card_state_actual/toal_0,0.3123365686814583,0.0984081041968162,198.0,197.0,197.5
card_merch_actual/toal_0,0.2911545543237306,0.1056439942112879,179.0,212.0,195.5
card_state_actual/max_3,0.3620132568244926,0.0709117221418234,237.0,154.0,195.5
card_merch_count_0,0.2910930319526584,0.1041968162083936,177.0,208.0,192.5
card_zip_actual/max_0,0.2527796192321692,0.1215629522431259,154.0,228.0,191.0
card_merch_actual/max_0,0.2502250385499756,0.1230101302460202,152.0,229.5,190.75
card_state_count_7,0.4231065071325997,0.0419681620839363,278.0,101.0,189.5
card_merch_count_7,0.3943627167130529,0.0477568740955137,265.0,114.0,189.5
Cardnum_count_7,0.3967776923621913,0.0463096960926193,269.0,109.5,189.25
card_zip_actual/toal_7,0.3521501790459033,0.0665701881331403,224.0,147.0,185.5
card_state_actual/max_0,0.26461996013199,0.1041968162083936,162.0,208.0,185.0
Merchnum_total_30,0.3313745150522471,0.0767004341534008,211.0,159.0,185.0
card_merch_actual/toal_7,0.34520231344593,0.0694645441389291,219.0,151.0,185.0
Merchnum_actual/avg_1,0.2731145212895115,0.1013024602026049,167.0,202.5,184.75
merch_zip_day_since,0.2425094788189317,0.1157742402315484,144.0,221.5,182.75
Merchnum_med_30,0.3178314690801005,0.0795947901591895,200.0,164.0,182.0
merch_state_actual/avg_1,0.2687211918548209,0.0984081041968162,164.0,197.0,180.5
merch_zip_actual/avg_1,0.2711261289405173,0.0969609261939218,166.0,192.5,179.25
card_state_actual/toal_7,0.352156055278162,0.0564399421128798,225.0,133.5,179.25
card_zip_actual/max_7,0.32929724469034,0.0680173661360347,208.0,149.0,178.5
card_merch_actual/max_7,0.32475015384488,0.0694645441389291,204.0,151.0,177.5
card_zip_actual/med_7,0.2292333339869899,0.1172214182344428,128.0,224.0,176.0
Merchnum_actual/med_1,0.2359563669277011,0.1114327062228654,133.0,218.5,175.75
card_merch_actual/med_7,0.2272743895746558,0.1172214182344428,125.0,224.0,174.5
card_zip_count_7,0.3901162708263743,0.0347322720694645,261.0,82.5,171.75
card_merch_count_0_by_7,0.237666105671973,0.1041968162083936,134.0,208.0,171.0
Cardnum_actual/avg_30,0.3210117126886574,0.0607814761215629,203.0,138.5,170.75
merch_state_actual/med_1,0.2393708585222073,0.0984081041968162,136.0,197.0,166.5
card_state_count_0_by_7,0.2613161598368116,0.0882778581765557,159.0,174.0,166.5
merch_zip_actual/med_1,0.2421603104271048,0.0955137481910275,143.0,188.5,165.75
Cardnum_day_since,0.2932803703771385,0.0665701881331403,183.0,147.0,165.0
card_zip_count_0_by_7,0.2319599057550282,0.0984081041968162,130.0,197.0,163.5
Cardnum_actual/toal_0,0.3113508529785164,0.0535455861070911,196.0,129.0,162.5
card_merch_actual/toal_14,0.3093416489736059,0.0520984081041968,194.0,126.0,160.0
card_zip_actual/avg_1,0.2179075640620052,0.1013024602026049,115.0,202.5,158.75
card_state_actual/max_7,0.326909313064665,0.0463096960926193,205.0,109.5,157.25
card_state_actual/med_7,0.2438744786040262,0.0781476121562952,148.0,161.5,154.75
card_state_actual/med_3,0.2259684859889811,0.0940665701881331,123.0,185.5,154.25
Cardnum_count_1_by_30,0.3027246998319286,0.0492040520984081,190.0,118.5,154.25
card_merch_actual/med_1,0.2085714107010686,0.1041968162083936,100.0,208.0,154.0
card_merch_actual/avg_1,0.2164743643691807,0.0984081041968162,111.0,197.0,154.0
card_zip_actual/med_1,0.2082330376601716,0.1041968162083936,99.0,208.0,153.5
card_merch_actual/max_14,0.2912554741610826,0.0520984081041968,180.0,126.0,153.0
card_zip_count_30,0.3273815484570916,0.0405209840810419,206.0,98.0,152.0
card_zip_actual/avg_3,0.2242640447571243,0.08972503617945,122.0,178.0,150.0
card_merch_actual/avg_3,0.2212312634164231,0.0911722141823444,118.0,181.5,149.75
Merchnum_day_since,0.1777992517464039,0.1273516642547033,66.0,233.0,149.5
card_zip_actual/max_14,0.290833231259766,0.0506512301013024,176.0,122.5,149.25
card_merch_actual/med_3,0.2131465026835796,0.0969609261939218,106.0,192.5,149.25
card_state_actual/avg_3,0.2333136205031715,0.0810419681620839,132.0,165.5,148.75
card_zip_actual/toal_14,0.3076707734926813,0.0434153400868306,192.0,104.5,148.25
card_state_actual/avg_1,0.2390043062766151,0.0781476121562952,135.0,161.5,148.25
Cardnum_actual/med_30,0.2480433315147432,0.0665701881331403,149.0,147.0,148.0
Merchnum_actual/max_30,0.2838094420679957,0.0506512301013024,172.0,122.5,147.25
card_state_count_14,0.3933210877698312,0.0130246020260492,263.0,31.0,147.0
card_zip_actual/avg_0,0.1832870739561891,0.1128798842257597,74.0,220.0,147.0
card_zip_actual/med_3,0.2145950829691719,0.0926193921852387,110.0,183.5,146.75
card_merch_actual/med_14,0.2121972463307881,0.0955137481910275,105.0,188.5,146.75
Cardnum_actual/avg_14,0.2495537457897853,0.0564399421128798,151.0,133.5,142.25
merch_state_count_0,0.2545683309766451,0.0535455861070911,155.0,129.0,142.0
Cardnum_actual/toal_1,0.3096887473290687,0.0376266280752532,195.0,89.0,142.0
card_merch_actual/avg_0,0.1810401051293564,0.1085383502170767,69.0,214.5,141.75
Merchnum_actual/max_14,0.2418917621611909,0.0636758321273516,140.0,142.0,141.0
merch_zip_actual/avg_0,0.198290341386168,0.0955137481910275,89.0,188.5,138.75
Cardnum_actual/max_30,0.3196794328331851,0.0318379160636758,202.0,74.0,138.0
card_state_actual/med_1,0.2138372715923545,0.0824891461649783,108.0,167.5,137.75
card_zip_actual/med_14,0.2090931711570393,0.0868306801736613,101.0,171.0,136.0
card_state_actual/med_14,0.2281821561663478,0.065123010130246,126.0,144.5,135.25
Cardnum_count_1_by_14,0.2744440856134098,0.0419681620839363,168.0,101.0,134.5
Cardnum_actual/avg_7,0.2409916524781997,0.0549927641099855,137.0,131.5,134.25
card_state_actual/avg_14,0.213602667471117,0.0781476121562952,107.0,161.5,134.25
card_state_actual/toal_14,0.2863059949566346,0.0390738060781476,174.0,94.0,134.0
card_state_count_30,0.3370966520233481,0.0217076700434153,213.0,48.5,130.75
card_state_actual/avg_7,0.2046873992457099,0.0810419681620839,96.0,165.5,130.75
card_state_actual/avg_0,0.1925742364565144,0.08972503617945,83.0,178.0,130.5
card_merch_actual/avg_7,0.1840408120356454,0.0926193921852387,77.0,183.5,130.25
card_merch_count_14,0.3730619534950973,0.004341534008683,254.0,6.5,130.25
merch_state_day_since,0.2229787525012661,0.0622286541244573,120.0,140.0,130.0
card_state_actual/avg_30,0.2115403547913228,0.0709117221418234,104.0,154.0,129.0
merch_state_actual/avg_0,0.1927085884940657,0.0882778581765557,84.0,174.0,129.0
card_zip_actual/med_0,0.168925673608196,0.0998552821997105,56.0,200.0,128.0
card_zip_actual/avg_7,0.1841051389721139,0.08972503617945,78.0,178.0,128.0
Dow_Risk,0.142109331886415,0.109985528219971,35.0,216.5,125.75
Cardnum_actual/max_0,0.2831664620632337,0.0332850940665701,170.0,79.5,124.75
card_state_actual/med_30,0.214557844573078,0.0607814761215629,109.0,138.5,123.75
card_merch_actual/avg_14,0.1834927643436993,0.0868306801736613,75.0,171.0,123.0
card_merch_actual/med_0,0.1667402271524355,0.0969609261939218,53.0,192.5,122.75
card_zip_count_14,0.3673543512954543,0.0028943560057887,242.0,3.5,122.75
Merchnum_actual/avg_0,0.1953009862921969,0.0709117221418234,88.0,154.0,121.0
card_zip_actual/avg_14,0.1821882185238116,0.085383502170767,72.0,169.0,120.5
Cardnum_actual/med_14,0.2322920686868337,0.0463096960926193,131.0,109.5,120.25
merch_zip_actual/med_0,0.1699285283218925,0.0911722141823444,58.0,181.5,119.75
card_state_actual/med_0,0.1764831983050097,0.0882778581765557,65.0,174.0,119.5
Merchnum_count_3,0.2694879511307596,0.0318379160636758,165.0,74.0,119.5
Cardnum_count_14,0.331074604622498,0.0115774240231548,210.0,28.0,119.0
Cardnum_actual/med_7,0.2209340462597926,0.0492040520984081,117.0,118.5,117.75
merch_zip_actual/toal_0,0.2297682491901761,0.0434153400868306,129.0,104.5,116.75
card_merch_actual/med_30,0.1895975909406483,0.0694645441389291,82.0,151.0,116.5
card_merch_actual/toal_30,0.2667134791664306,0.0289435600578871,163.0,68.0,115.5
card_state_actual/max_14,0.2642418557479801,0.0303907380607814,161.0,69.5,115.25
merch_zip_count_0,0.2559107829462925,0.0318379160636758,156.0,74.0,115.0
Cardnum_actual/med_3,0.2110748637109203,0.0520984081041968,103.0,126.0,114.5
merch_state_actual/toal_0,0.2170051617580948,0.0477568740955137,114.0,114.0,114.0
card_merch_actual/max_30,0.241626552663606,0.0376266280752532,139.0,89.0,114.0
card_merch_count_0_by_14,0.1814584528009561,0.0738060781476121,70.0,158.0,114.0
merch_state_actual/med_0,0.1643929172080943,0.08972503617945,49.0,178.0,113.5
Cardnum_actual/avg_3,0.206787796142908,0.0535455861070911,97.0,129.0,113.0
Cardnum_actual/max_1,0.2947750479241241,0.0173661360347322,185.0,39.0,112.0
merch_zip_actual/max_30,0.2221612662051851,0.0434153400868306,119.0,104.5,111.75
card_merch_actual/avg_30,0.1731584528031821,0.0781476121562952,61.0,161.5,111.25
card_zip_actual/med_30,0.18732687234177,0.0636758321273516,80.0,142.0,111.0
card_zip_actual/toal_30,0.2603780772286941,0.0260492040520984,158.0,62.5,110.25
Cardnum_actual/toal_3,0.2924430295387288,0.0173661360347322,181.0,39.0,110.0
card_zip_actual/max_30,0.2431800370500895,0.0318379160636758,146.0,74.0,110.0
card_merch_count_30,0.3380445060934414,0.0028943560057887,215.0,3.5,109.25
merch_zip_count_3,0.3125394990204833,0.0086830680173661,199.0,17.0,108.0
Merchnum_actual/med_0,0.1625417259789585,0.0824891461649783,48.0,167.5,107.75
card_zip_actual/avg_30,0.1714400332612553,0.0723589001447178,59.0,156.5,107.75
Cardnum_actual/avg_1,0.2006326209195604,0.0506512301013024,92.0,122.5,107.25
card_state_count_0_by_14,0.1817314972748861,0.0636758321273516,71.0,142.0,106.5
Cardnum_actual/med_0,0.1687944822713294,0.0723589001447178,54.0,156.5,105.25
merch_state_actual/max_30,0.2436157908339101,0.0260492040520984,147.0,62.5,104.75
merch_state_count_3,0.3180751546511925,0.0057887120115774,201.0,8.0,104.5
card_zip_count_0_by_14,0.1747706995122527,0.065123010130246,63.0,144.5,103.75
merch_zip_count_1,0.2926341183794144,0.0101302460202604,182.0,23.5,102.75
Cardnum_actual/med_1,0.1951221618605059,0.0492040520984081,87.0,118.5,102.75
merch_state_count_1,0.2955829408258737,0.0086830680173661,188.0,17.0,102.5
merch_state_count_14,0.2636366260837892,0.0130246020260492,160.0,31.0,95.5
Cardnum_actual/avg_0,0.1689217338615679,0.0578871201157742,55.0,135.5,95.25
merch_state_count_7,0.2911059641153186,0.004341534008683,178.0,6.5,92.25
Merchnum_count_0,0.2195915052563231,0.0274963820549927,116.0,66.5,91.25
Cardnum_actual/max_14,0.2262982895245008,0.024602026049204,124.0,57.5,90.75
Cardnum_count_30,0.2582113501340303,0.0101302460202604,157.0,23.5,90.25
Cardnum_count_0_by_30,0.1936917222161666,0.0390738060781476,85.0,94.0,89.5
merch_zip_count_7,0.2831793497089829,0.0028943560057887,171.0,3.5,87.25
merch_zip_count_14,0.278952847398455,0.0028943560057887,169.0,3.5,86.25
merch_zip_actual/max_1,0.1696676369646794,0.0477568740955137,57.0,114.0,85.5
Merchnum_count_1,0.2493908138953394,0.0086830680173661,150.0,17.0,83.5
card_state_count_1_by_30,0.1335316131390506,0.0593342981186685,30.0,137.0,83.5
merch_zip_count_0_by_7,0.1830102900617309,0.0390738060781476,73.0,94.0,83.5
merch_zip_actual/toal_1,0.2419653708736134,0.0101302460202604,142.0,23.5,82.75
merch_state_actual/max_1,0.1569227346907622,0.0506512301013024,43.0,122.5,82.75
card_state_actual/toal_30,0.2094842299621648,0.0260492040520984,102.0,62.5,82.25
Cardnum_count_1_by_7,0.1847309799661213,0.0361794500723589,79.0,85.0,82.0
Merchnum_count_7,0.252763637661102,0.0072358900144717,153.0,11.0,82.0
merch_zip_actual/toal_3,0.2425248594116997,0.0086830680173661,145.0,17.0,81.0
merch_state_count_30,0.2290302478387763,0.0144717800289435,127.0,33.5,80.25
merch_zip_count_1_by_7,0.157029530760373,0.0477568740955137,44.0,114.0,79.0
Cardnum_actual/max_3,0.2419233469095814,0.0086830680173661,141.0,17.0,79.0
merch_state_count_1_by_7,0.1246086880049427,0.0549927641099855,25.0,131.5,78.25
Merchnum_actual/toal_3,0.1778300129319401,0.0376266280752532,67.0,89.0,78.0
card_merch_count_0_by_30,0.1518220760563857,0.0477568740955137,41.0,114.0,77.5
Merchnum_actual/toal_7,0.1714809443025109,0.0390738060781476,60.0,94.0,77.0
Merchnum_count_14,0.2165819172262794,0.0173661360347322,112.0,39.0,75.5
Merchnum_actual/max_7,0.2025412389639516,0.0231548480463096,93.0,53.0,73.0
merch_state_actual/toal_1,0.224103895169619,0.0101302460202604,121.0,23.5,72.25
Cardnum_count_0_by_7,0.0760793119519648,0.0578871201157742,6.0,135.5,70.75
merch_state_actual/max_14,0.2041519943565021,0.0202604920405209,95.0,45.0,70.0
card_merch_count_1_by_30,0.1148615100042742,0.0492040520984081,21.0,118.5,69.75
merch_zip_count_30,0.241461884609629,0.0014471780028943,138.0,1.0,69.5
Cardnum_count_0_by_14,0.127030474741472,0.0463096960926193,27.0,109.5,68.25
merch_zip_actual/toal_7,0.1999375338704135,0.0202604920405209,90.0,45.0,67.5
Merchnum_actual/toal_0,0.1750343731764064,0.0303907380607814,64.0,69.5,66.75
merch_state_count_0_by_7,0.1478978435718927,0.0390738060781476,39.0,94.0,66.5
merch_state_actual/toal_3,0.2170042936783293,0.0086830680173661,113.0,17.0,65.0
Merchnum_count_30,0.1948490506112093,0.0188133140376266,86.0,42.5,64.25
Merchnum_actual/toal_30,0.2079623080656162,0.0115774240231548,98.0,28.0,63.0
Cardnum_actual/toal_7,0.2041025583267801,0.0130246020260492,94.0,31.0,62.5
merch_state_actual/max_0,0.1382168177010456,0.0376266280752532,34.0,89.0,61.5
merch_zip_count_1_by_30,0.0988339084510169,0.044862518089725,16.0,107.0,61.5
Merchnum_count_0_by_7,0.1375450797717448,0.0376266280752532,33.0,89.0,61.0
card_state_actual/max_30,0.1809630018394165,0.0231548480463096,68.0,53.0,60.5
merch_state_count_0_by_14,0.1004404347370175,0.0419681620839363,17.0,101.0,59.0
merch_zip_actual/max_0,0.1464440325492517,0.0332850940665701,37.0,79.5,58.25
merch_zip_count_0_by_14,0.1349949730391118,0.0347322720694645,32.0,82.5,57.25
Cardnum_actual/max_7,0.1432668828660129,0.0318379160636758,36.0,74.0,55.0
card_state_count_1_by_14,0.0680486170075924,0.0434153400868306,5.0,104.5,54.75
card_merch_count_1_by_7,0.084904522466316,0.0405209840810419,11.0,98.0,54.5
card_zip_count_0_by_30,0.120375241056291,0.0332850940665701,24.0,79.5,51.75
Merchnum_actual/toal_14,0.2003768712655737,0.0072358900144717,91.0,11.0,51.0
card_merch_count_1_by_14,0.0639851133668769,0.0405209840810419,3.0,98.0,50.5
merch_state_actual/toal_30,0.165316131167921,0.0217076700434153,51.0,48.5,49.75
Cardnum_actual/toal_30,0.1837543457130337,0.0101302460202604,76.0,23.5,49.75
merch_zip_actual/toal_30,0.1606558115592032,0.0231548480463096,45.0,53.0,49.0
card_state_count_0_by_30,0.1169100447000981,0.0318379160636758,22.0,74.0,48.0
merch_zip_actual/max_14,0.1887994027255078,0.0072358900144717,81.0,11.0,46.0
card_zip_count_1_by_7,0.0814047587286922,0.0361794500723589,7.0,85.0,46.0
Merchnum_count_0_by_30,0.067408753186604,0.0361794500723589,4.0,85.0,44.5
merch_state_actual/max_7,0.1665478918382406,0.0159189580318379,52.0,35.5,43.75
merch_zip_count_0_by_30,0.1086942929564875,0.0274963820549927,20.0,66.5,43.25
Merchnum_actual/toal_1,0.1733344504110213,0.0101302460202604,62.0,23.5,42.75
card_zip_count_1_by_30,0.1186884285212103,0.0260492040520984,23.0,62.5,42.75
merch_state_actual/toal_7,0.1647887170642468,0.0144717800289435,50.0,33.5,41.75
card_state_count_1_by_7,0.0818337904589441,0.0318379160636758,9.0,74.0,41.5
card_zip_count_1_by_14,0.0593261960408573,0.0332850940665701,2.0,79.5,40.75
merch_state_count_1_by_30,0.1342707496716821,0.0217076700434153,31.0,48.5,39.75
merch_zip_actual/max_3,0.148162897260289,0.0173661360347322,40.0,39.0,39.5
merch_zip_actual/max_7,0.1562596775591164,0.0159189580318379,42.0,35.5,38.75
Merchnum_actual/max_3,0.1477708590831203,0.0173661360347322,38.0,39.0,38.5
Merchnum_actual/max_0,0.0922022909871485,0.0260492040520984,13.0,62.5,37.75
merch_state_count_1_by_14,0.1291968234423915,0.0202604920405209,28.0,45.0,36.5
Merchnum_count_1_by_7,0.0837117808685324,0.0260492040520984,10.0,62.5,36.25
Merchnum_count_1_by_14,0.0966213066795154,0.024602026049204,15.0,57.5,36.25
Merchnum_actual/max_1,0.1083868146518598,0.0231548480463096,19.0,53.0,36.0
merch_state_count_0_by_30,0.0925839344655868,0.024602026049204,14.0,57.5,35.75
Merchnum_count_0_by_14,0.0814521914974168,0.024602026049204,8.0,57.5,32.75
merch_state_actual/toal_14,0.1607019533375074,0.0086830680173661,46.0,17.0,31.5
Merchnum_count_1_by_30,0.088979912122282,0.0217076700434153,12.0,48.5,30.25
merch_zip_count_1_by_14,0.1024690926320571,0.0188133140376266,18.0,42.5,30.25
merch_zip_actual/toal_14,0.1615895982854044,0.0072358900144717,47.0,11.0,29.0
Cardnum_actual/toal_14,0.1327436638134517,0.0115774240231548,29.0,28.0,28.5
random,0.042539024692796,0.0231548480463096,1.0,53.0,27.0
merch_state_actual/max_3,0.12600366992963,0.0072358900144717,26.0,11.0,18.5
